{"_wandb":{"runtime":294},"_runtime":294,"buffer_size":6,"epoch":1,"step":5,"avg_reward_last_10":4.833333333333333,"_timestamp":1.7643913340653036e+09,"avg_reward_last_50":4.833333333333333,"_step":5,"reward":5,"old_log_prob":-0.6064453125}